{
  "EEI_raw": -0.1111111111111111,
  "EEI_weighted": -0.1111111111111111,
  "EEI_delta": 0.1111111111111111,
  "EEI_trend": 0.1111111111111111,
  "confidence_score": -0.1111111111111111,
  "analyst_skepticism": 0.1111111111111111,
  "evasion_under_pressure": 0.1111111111111111,
  "ceo_cfo_evasion_gap": -0.1111111111111111,
  "evasion_momentum_8q": -0.1111111111111111
}