{
  "EEI Level_T+1": {
    "signal": "EEI Level",
    "horizon_days": 1,
    "n_periods": 12,
    "ann_return": 0.016065472760165456,
    "ann_vol": 0.21697555646210884,
    "sharpe": -0.025329904432354677,
    "max_drawdown": -0.061453459702884065,
    "hit_rate": 0.5,
    "ic_mean": 0.05150375939849624,
    "icir": 0.20580742290966605,
    "alpha_ann": 0.8125561931489746,
    "beta": -0.5667739632220349,
    "r2": 0.15887008025408222
  },
  "EEI Level_T+5": {
    "signal": "EEI Level",
    "horizon_days": 5,
    "n_periods": 12,
    "ann_return": 0.13732289184249846,
    "ann_vol": 0.14359422253905071,
    "sharpe": 0.6560652523916708,
    "max_drawdown": -0.04839777231841356,
    "hit_rate": 0.5833333333333334,
    "ic_mean": 0.1164160401002506,
    "icir": 0.4451765250039323,
    "alpha_ann": 0.4342005741370642,
    "beta": -0.6225152031143115,
    "r2": 0.224223792627254
  },
  "EEI Level_T+20": {
    "signal": "EEI Level",
    "horizon_days": 20,
    "n_periods": 12,
    "ann_return": -0.11944620325337041,
    "ann_vol": 0.20804019982209254,
    "sharpe": -0.7163033196481406,
    "max_drawdown": -0.19419545714640638,
    "hit_rate": 0.3333333333333333,
    "ic_mean": -0.019548872180451118,
    "icir": -0.08651651457334394,
    "alpha_ann": 0.00010893848175258721,
    "beta": -0.311244265990177,
    "r2": 0.0851653467166662
  },
  "EEI Level_T+60": {
    "signal": "EEI Level",
    "horizon_days": 60,
    "n_periods": 12,
    "ann_return": 0.010981210380426987,
    "ann_vol": 0.20851148618018403,
    "sharpe": -0.06437863908736471,
    "max_drawdown": -0.353635957615455,
    "hit_rate": 0.3333333333333333,
    "ic_mean": -0.04686716791979948,
    "icir": -0.188138960227054,
    "alpha_ann": -0.048286718805413374,
    "beta": 0.5332811433266872,
    "r2": 0.16797653869526008
  },
  "EEI Delta_T+1": {
    "signal": "EEI Delta",
    "horizon_days": 1,
    "n_periods": 11,
    "ann_return": 0.5394407498294957,
    "ann_vol": 0.28682039935372994,
    "sharpe": 1.492080118210854,
    "max_drawdown": -0.055452304797876335,
    "hit_rate": 0.6363636363636364,
    "ic_mean": 0.04128503075871496,
    "icir": 0.2021825764052942,
    "alpha_ann": 0.5629293472892987,
    "beta": -0.07252463139083132,
    "r2": 0.0015776264728019074
  },
  "EEI Delta_T+5": {
    "signal": "EEI Delta",
    "horizon_days": 5,
    "n_periods": 11,
    "ann_return": -0.10491928938470152,
    "ann_vol": 0.24143275028812083,
    "sharpe": -0.5250748063600974,
    "max_drawdown": -0.08259137225638209,
    "hit_rate": 0.45454545454545453,
    "ic_mean": 0.0377306903622693,
    "icir": 0.1417861932125971,
    "alpha_ann": -0.010623756094063457,
    "beta": -0.18920525867127394,
    "r2": 0.006593232329947019
  },
  "EEI Delta_T+20": {
    "signal": "EEI Delta",
    "horizon_days": 20,
    "n_periods": 11,
    "ann_return": -0.32223555952673866,
    "ann_vol": 0.2238593412380293,
    "sharpe": -1.7961360183404202,
    "max_drawdown": -0.33001612364448707,
    "hit_rate": 0.45454545454545453,
    "ic_mean": -0.05823650034176349,
    "icir": -0.32251540468105433,
    "alpha_ann": -0.44030583164788195,
    "beta": 0.2807947035339209,
    "r2": 0.06312558849303684
  },
  "EEI Delta_T+60": {
    "signal": "EEI Delta",
    "horizon_days": 60,
    "n_periods": 11,
    "ann_return": -0.09320935832264021,
    "ann_vol": 0.146568381719442,
    "sharpe": -0.8964490677681326,
    "max_drawdown": -0.2050671593902535,
    "hit_rate": 0.36363636363636365,
    "ic_mean": -0.12221462747778537,
    "icir": -0.5591550973483616,
    "alpha_ann": -0.1345298998957178,
    "beta": 0.3623375785458633,
    "r2": 0.16622260641887876
  },
  "Topic-Guidance_T+1": {
    "signal": "Topic-Guidance",
    "horizon_days": 1,
    "n_periods": 12,
    "ann_return": -0.660667367592127,
    "ann_vol": 0.18396879022979112,
    "sharpe": -6.012642855301026,
    "max_drawdown": -0.06034286892435731,
    "hit_rate": 0.4166666666666667,
    "ic_mean": -0.02332915622389307,
    "icir": -0.12020823112275955,
    "alpha_ann": -0.7728672004999105,
    "beta": -0.21135021616743116,
    "r2": 0.03072989257559766
  },
  "Topic-Guidance_T+5": {
    "signal": "Topic-Guidance",
    "horizon_days": 5,
    "n_periods": 12,
    "ann_return": -0.1558799763856069,
    "ann_vol": 0.27528417694748974,
    "sharpe": -0.6387510796143776,
    "max_drawdown": -0.14218344325868854,
    "hit_rate": 0.5,
    "ic_mean": 0.07149122807017542,
    "icir": 0.2614458631682744,
    "alpha_ann": 0.28293910049940274,
    "beta": -0.873180828302677,
    "r2": 0.12003325619650673
  },
  "Topic-Guidance_T+20": {
    "signal": "Topic-Guidance",
    "horizon_days": 20,
    "n_periods": 12,
    "ann_return": 0.036543032532332154,
    "ann_vol": 0.1808434334312276,
    "sharpe": 0.04001181937344328,
    "max_drawdown": -0.12711847519442213,
    "hit_rate": 0.5833333333333334,
    "ic_mean": 0.10864661654135338,
    "icir": 0.586608933735123,
    "alpha_ann": 0.027600339443683196,
    "beta": 0.07363637468814863,
    "r2": 0.006308615156715658
  },
  "Topic-Guidance_T+60": {
    "signal": "Topic-Guidance",
    "horizon_days": 60,
    "n_periods": 12,
    "ann_return": 0.07908180238669482,
    "ann_vol": 0.2703671768498064,
    "sharpe": 0.2673343544901322,
    "max_drawdown": -0.3975816563278368,
    "hit_rate": 0.6666666666666666,
    "ic_mean": 0.08859649122807016,
    "icir": 0.3303216746513391,
    "alpha_ann": -0.06337592349516473,
    "beta": 1.2063098401811598,
    "r2": 0.511217779068057
  }
}