{
  "EEI Level_T+1": {
    "signal": "EEI Level",
    "horizon_days": 1,
    "n_periods": 12,
    "ann_return": 0.016085537927783777,
    "ann_vol": 0.21697589365089617,
    "sharpe": -0.025238502977765632,
    "max_drawdown": -0.06145339165091136,
    "hit_rate": 0.5,
    "ic_mean": 0.05150375939849624,
    "icir": 0.20580742290966605,
    "alpha_ann": 0.8125879970111006,
    "beta": -0.5667823412945481,
    "r2": 0.15887521980821284
  },
  "EEI Level_T+5": {
    "signal": "EEI Level",
    "horizon_days": 5,
    "n_periods": 12,
    "ann_return": 0.13732467973363227,
    "ann_vol": 0.14359408685270414,
    "sharpe": 0.6560767044226045,
    "max_drawdown": -0.04839748182002342,
    "hit_rate": 0.5833333333333334,
    "ic_mean": 0.1164160401002506,
    "icir": 0.4451765250039323,
    "alpha_ann": 0.43420609158725654,
    "beta": -0.6225237639499064,
    "r2": 0.2242289912500366
  },
  "EEI Level_T+20": {
    "signal": "EEI Level",
    "horizon_days": 20,
    "n_periods": 12,
    "ann_return": -0.11944591644577407,
    "ann_vol": 0.20804031948492155,
    "sharpe": -0.7163012477662914,
    "max_drawdown": -0.19419543057437197,
    "hit_rate": 0.3333333333333333,
    "ic_mean": -0.019548872180451118,
    "icir": -0.08651651457334394,
    "alpha_ann": 0.00010922813708241185,
    "beta": -0.3112432449888396,
    "r2": 0.08516475320256034
  },
  "EEI Level_T+60": {
    "signal": "EEI Level",
    "horizon_days": 60,
    "n_periods": 12,
    "ann_return": 0.010981333727589027,
    "ann_vol": 0.20851157990345587,
    "sharpe": -0.0643779362965534,
    "max_drawdown": -0.35363590347248247,
    "hit_rate": 0.3333333333333333,
    "ic_mean": -0.04686716791979948,
    "icir": -0.188138960227054,
    "alpha_ann": -0.04828694707188457,
    "beta": 0.5332827207792745,
    "r2": 0.1679773669226553
  },
  "EEI Delta_T+1": {
    "signal": "EEI Delta",
    "horizon_days": 1,
    "n_periods": 11,
    "ann_return": 0.539471256837905,
    "ann_vol": 0.286820261709708,
    "sharpe": 1.4921499028619538,
    "max_drawdown": -0.05545167260835235,
    "hit_rate": 0.6363636363636364,
    "ic_mean": 0.04128503075871496,
    "icir": 0.2021825764052942,
    "alpha_ann": 0.5629405188211346,
    "beta": -0.07251760311528008,
    "r2": 0.0015773318976234352
  },
  "EEI Delta_T+5": {
    "signal": "EEI Delta",
    "horizon_days": 5,
    "n_periods": 11,
    "ann_return": -0.10491517522775717,
    "ann_vol": 0.24143286539619468,
    "sharpe": -0.5250554611614244,
    "max_drawdown": -0.0825911288517205,
    "hit_rate": 0.45454545454545453,
    "ic_mean": 0.0377306903622693,
    "icir": 0.1417861932125971,
    "alpha_ann": -0.010621860048414792,
    "beta": -0.1891975425666238,
    "r2": 0.006592671356704605
  },
  "EEI Delta_T+20": {
    "signal": "EEI Delta",
    "horizon_days": 20,
    "n_periods": 11,
    "ann_return": -0.32223483836401745,
    "ann_vol": 0.22385954432424074,
    "sharpe": -1.7961295829749666,
    "max_drawdown": -0.33001597727798393,
    "hit_rate": 0.45454545454545453,
    "ic_mean": -0.05823650034176349,
    "icir": -0.32251540468105433,
    "alpha_ann": -0.44030511885331025,
    "beta": 0.28079478939183583,
    "r2": 0.06312559348221425
  },
  "EEI Delta_T+60": {
    "signal": "EEI Delta",
    "horizon_days": 60,
    "n_periods": 11,
    "ann_return": -0.09320908397538663,
    "ann_vol": 0.14656851532804974,
    "sharpe": -0.8964461062411063,
    "max_drawdown": -0.20506705055642777,
    "hit_rate": 0.36363636363636365,
    "ic_mean": -0.12221462747778537,
    "icir": -0.5591550973483616,
    "alpha_ann": -0.13452984011457217,
    "beta": 0.3623383118314395,
    "r2": 0.1662230705651928
  },
  "Topic-Guidance_T+1": {
    "signal": "Topic-Guidance",
    "horizon_days": 1,
    "n_periods": 12,
    "ann_return": -0.6606644868702098,
    "ann_vol": 0.18396997268384194,
    "sharpe": -6.012557053264937,
    "max_drawdown": -0.06034288554896227,
    "hit_rate": 0.4166666666666667,
    "ic_mean": -0.02332915622389307,
    "icir": -0.12020823112275955,
    "alpha_ann": -0.7728503437871599,
    "beta": -0.21135606321926526,
    "r2": 0.03073137899084777
  },
  "Topic-Guidance_T+5": {
    "signal": "Topic-Guidance",
    "horizon_days": 5,
    "n_periods": 12,
    "ann_return": -0.1558789040316363,
    "ann_vol": 0.2752841735235542,
    "sharpe": -0.6387464643724812,
    "max_drawdown": -0.14218348917646303,
    "hit_rate": 0.5,
    "ic_mean": 0.07149122807017542,
    "icir": 0.2614458631682744,
    "alpha_ann": 0.2829468820650503,
    "beta": -0.8731948441686471,
    "r2": 0.12003636733574008
  },
  "Topic-Guidance_T+20": {
    "signal": "Topic-Guidance",
    "horizon_days": 20,
    "n_periods": 12,
    "ann_return": 0.03654287908590925,
    "ann_vol": 0.1808433024140579,
    "sharpe": 0.04001088894597073,
    "max_drawdown": -0.12711851232727903,
    "hit_rate": 0.5833333333333334,
    "ic_mean": 0.10864661654135338,
    "icir": 0.586608933735123,
    "alpha_ann": 0.02760085950136012,
    "beta": 0.07363409942554971,
    "r2": 0.006308239129880766
  },
  "Topic-Guidance_T+60": {
    "signal": "Topic-Guidance",
    "horizon_days": 60,
    "n_periods": 12,
    "ann_return": 0.07908195846061705,
    "ann_vol": 0.27036711557870036,
    "sharpe": 0.26733488837063685,
    "max_drawdown": -0.39758147373360797,
    "hit_rate": 0.6666666666666666,
    "ic_mean": 0.08859649122807016,
    "icir": 0.3303216746513391,
    "alpha_ann": -0.06337614778427363,
    "beta": 1.206310190403525,
    "r2": 0.5112182634230402
  }
}